CREATE Table rangers (
    ranger_id INT PRIMARY KEY,
    name VARCHAR(255) NOT NULL,
    region VARCHAR(255) NOT NULL
);

CREATE Table species (
    species_id INT PRIMARY KEY,
    common_name VARCHAR(255) NOT NULL,
    scientific_name VARCHAR(255) NOT NULL,
    discovery_date DATE,
    conservation_status VARCHAR(50)
);

CREATE Table sightings (
    sighting_id INT PRIMARY KEY,
    ranger_id INT,
    species_id INT,
    sighting_time DateTIME,
    location VARCHAR(255),
    notes TEXT,
    FOREIGN KEY (ranger_id) REFERENCES rangers(ranger_id),
    FOREIGN KEY (species_id) REFERENCES species(species_id)
);

INSERT INTO rangers (ranger_id, name, region) VALUES
(1, 'Alice Green', 'Northern Hills'),
(2, 'Bob White', 'River Delta'),
(3, 'Carol King', 'Mountain Range'),
(4, 'David Lee', 'Forest Edge'),
(5, 'Emily Clark', 'Southern Plains'),
(6, 'Frank Harris', 'Rainforest Zone'),
(7, 'Grace Kim', 'Savannah Field'),
(8, 'Henry Adams', 'Western Highlands'),
(9, 'Irene Blake', 'Wetland Marsh'),
(10, 'Jack Brown', 'Canyon Ridge'),
(11, 'Karen Davis', 'Eastern Slopes'),
(12, 'Leo Evans', 'Greenwood Valley'),
(13, 'Mia Flores', 'Sunset Prairie'),
(14, 'Nathan Gomez', 'Desert Border'),
(15, 'Olivia Hill', 'Coastal Reserve'),
(16, 'Peter Irving', 'Foggy Creek'),
(17, 'Quincy Jones', 'Snowcap Mountains'),
(18, 'Rachel Knight', 'Meadow Watch'),
(19, 'Samuel Lopez', 'Thornbrush Outpost'),
(20, 'Tina Morgan', 'Bluff Canyon');

INSERT INTO species (species_id, common_name, scientific_name, discovery_date, conservation_status) VALUES
(1, 'Snow Leopard', 'Panthera uncia', '1775-01-01', 'Endangered'),
(2, 'Bengal Tiger', 'Panthera tigris tigris', '1758-01-01', 'Endangered'),
(3, 'Red Panda', 'Ailurus fulgens', '1825-01-01', 'Vulnerable'),
(4, 'Asiatic Elephant', 'Elephas maximus indicus', '1758-01-01', 'Endangered'),
(5, 'Indian Cobra', 'Naja naja', '1798-01-01', 'Least Concern'),
(6, 'Indian Star Tortoise', 'Geochelone elegans', '1831-01-01', 'Vulnerable'),
(7, 'Great Hornbill', 'Buceros bicornis', '1758-01-01', 'Near Threatened'),
(8, 'Sloth Bear', 'Melursus ursinus', '1791-01-01', 'Vulnerable'),
(9, 'Gaur', 'Bos gaurus', '1827-01-01', 'Vulnerable'),
(10, 'Indian Pangolin', 'Manis crassicaudata', '1822-01-01', 'Endangered'),
(11, 'Fishing Cat', 'Prionailurus viverrinus', '1826-01-01', 'Vulnerable'),
(12, 'Smooth-coated Otter', 'Lutrogale perspicillata', '1826-01-01', 'Vulnerable'),
(13, 'Himalayan Monal', 'Lophophorus impejanus', '1790-01-01', 'Least Concern'),
(14, 'Indian Peafowl', 'Pavo cristatus', '1758-01-01', 'Least Concern'),
(15, 'Blackbuck', 'Antilope cervicapra', '1758-01-01', 'Least Concern'),
(16, 'Indian Wolf', 'Canis lupus pallipes', '1832-01-01', 'Endangered'),
(17, 'King Cobra', 'Ophiophagus hannah', '1836-01-01', 'Vulnerable'),
(18, 'Golden Langur', 'Trachypithecus geei', '1950-01-01', 'Endangered'),
(19, 'Nilgiri Tahr', 'Nilgiritragus hylocrius', '1838-01-01', 'Endangered'),
(20, 'Malabar Civet', 'Viverra civettina', '1858-01-01', 'Critically Endangered'),
(21, 'Clouded Leopard', 'Neofelis nebulosa', '1821-01-01', 'Vulnerable'),
(22, 'Indian Leopard', 'Panthera pardus fusca', '1794-01-01', 'Vulnerable'),
(23, 'Barasingha', 'Rucervus duvaucelii', '1823-01-01', 'Vulnerable'),
(24, 'Wild Water Buffalo', 'Bubalus arnee', '1792-01-01', 'Endangered'),
(25, 'Rusty-spotted Cat', 'Prionailurus rubiginosus', '1831-01-01', 'Near Threatened'),
(26, 'Indian Bison', 'Bos gaurus', '1827-01-01', 'Vulnerable'),
(27, 'Indian Giant Squirrel', 'Ratufa indica', '1780-01-01', 'Least Concern'),
(28, 'Indian Rock Python', 'Python molurus', '1758-01-01', 'Near Threatened'),
(29, 'Lion-tailed Macaque', 'Macaca silenus', '1771-01-01', 'Endangered'),
(30, 'Desert Cat', 'Felis lybica', '1830-01-01', 'Least Concern'),
(31, 'Chinkara', 'Gazella bennettii', '1833-01-01', 'Least Concern'),
(32, 'Indian Boar', 'Sus scrofa cristatus', '1829-01-01', 'Least Concern'),
(33, 'Dhole', 'Cuon alpinus', '1811-01-01', 'Endangered'),
(34, 'Black-necked Crane', 'Grus nigricollis', '1838-01-01', 'Vulnerable'),
(35, 'Indian Spotted Eagle', 'Clanga hastata', '1831-01-01', 'Vulnerable'),
(36, 'Hoolock Gibbon', 'Hoolock hoolock', '1862-01-01', 'Endangered'),
(37, 'White-bellied Heron', 'Ardea insignis', '1844-01-01', 'Critically Endangered'),
(38, 'Pygmy Hog', 'Porcula salvania', '1847-01-01', 'Critically Endangered'),
(39, 'Red-headed Vulture', 'Sarcogyps calvus', '1825-01-01', 'Critically Endangered'),
(40, 'Forest Owlet', 'Heteroglaux blewitti', '1873-01-01', 'Critically Endangered');

INSERT INTO sightings (sighting_id, ranger_id, species_id, sighting_time, location, notes) VALUES
(1, 1, 1, '2023-10-01 08:30:00', 'Northern Hills', 'Spotted near the riverbank.'),
(2, 2, 2, '2023-10-02 09:15:00', 'River Delta', 'Observed hunting in the tall grass.'),
(3, 3, 3, '2023-10-03 10:00:00', 'Mountain Range', 'Seen climbing a tree.'),
(4, 4, 4, '2023-10-04 11:45:00', 'Forest Edge', 'Group of elephants spotted.'),
(5, 5, 5, '2023-10-05 12:30:00', 'Southern Plains', 'One cobra observed basking in the sun.'),
(6, 6, 6, '2023-10-06 13:00:00', 'Rainforest Zone', 'Several tortoises seen near the water.'),
(7, 7, 7, '2023-10-07 14:15:00', 'Savannah Field', 'Heard the hornbill calling.'),
(8, 8, 8, '2023-10-08 15:00:00', 'Western Highlands', 'One sloth bear spotted foraging.'),
(9, 9, 9, '2023-10-09 16:30:00', 'Wetland Marsh', 'A herd of gaurs was seen.'),
(10, 10, 10, '2023-10-10 17:00:00', 'Canyon Ridge', 'Pangolin observed digging in the ground.'),
(11, 11, 11, '2023-10-11 08:00:00', 'Eastern Slopes', 'Fishing cat seen near the river.'),
(12, 12, 12, '2023-10-12 09:30:00', 'Greenwood Valley', 'Otters playing in the water.'),
(13, 13, 13, '2023-10-13 10:45:00', 'Sunset Prairie', 'Monal spotted on a rocky outcrop.'),
(14, 14, 14, '2023-10-14 11:00:00', 'Desert Border', 'Peafowl displaying its feathers.'),
(15, 15, 15, '2023-10-15 12:15:00', 'Coastal Reserve', 'Blackbuck seen grazing.'),
(16, 16, 16, '2023-10-16 13:30:00', 'Foggy Creek', 'Wolf spotted in the distance.'),
(17, 17, 17, '2023-10-17 14:00:00', 'Snowcap Mountains', 'King cobra observed near the rocks.'),
(18, 18, 18, '2023-10-18 15:15:00', 'Meadow Watch', 'Langur seen swinging in the trees.'),
(19, 19, 19, '2023-10-19 16:00:00', 'Thornbrush Outpost', 'Nilgiri tahr spotted on the hillside.'),
(20, 20, 20, '2023-10-20 17:30:00', 'Bluff Canyon', 'Civet seen at dusk.');